{"cameraMode":{"drawMode":0,"name":"Shaded","section":"Shading Mode"},"sceneLighting":true,"audioPlay":false,"sceneViewState":{"m_AlwaysRefresh":false,"showFog":true,"showSkybox":false,"showFlares":true,"showImageEffects":true,"showParticleSystems":true,"showVisualEffectGraphs":true,"m_FxEnabled":false},"in2DMode":false,"pivot":{"x":10.565999984741211,"y":33.56700134277344,"z":-10.930000305175782},"rotation":{"x":0.16605457663536073,"y":-0.1531572937965393,"z":0.02611655183136463,"w":0.9738008975982666},"size":0.15016622841358186,"orthographic":false}