{"cameraMode":{"drawMode":0,"name":"Shaded","section":"Shading Mode"},"sceneLighting":false,"audioPlay":false,"sceneViewState":{"m_AlwaysRefresh":false,"showFog":true,"showSkybox":false,"showFlares":true,"showImageEffects":true,"showParticleSystems":true,"showVisualEffectGraphs":true,"m_FxEnabled":true},"in2DMode":false,"pivot":{"x":24.820907592773439,"y":52.140708923339847,"z":-19.993318557739259},"rotation":{"x":0.16605457663536073,"y":-0.1531572937965393,"z":0.02611655183136463,"w":0.9738008975982666},"size":0.1501680463552475,"orthographic":false}