{"cameraMode":{"drawMode":0,"name":"Shaded","section":"Shading Mode"},"sceneLighting":false,"audioPlay":false,"sceneViewState":{"m_AlwaysRefresh":false,"showFog":true,"showSkybox":false,"showFlares":true,"showImageEffects":true,"showParticleSystems":true,"showVisualEffectGraphs":true,"m_FxEnabled":true},"in2DMode":false,"pivot":{"x":-0.1409202218055725,"y":-1.7416932582855225,"z":1.7076090574264527},"rotation":{"x":-0.26784005761146548,"y":-0.017964519560337068,"z":-0.005356919951736927,"w":0.9632807374000549},"size":1.506692886352539,"orthographic":false}