{"cameraMode":{"drawMode":0,"name":"Shaded","section":"Shading Mode"},"sceneLighting":false,"audioPlay":false,"sceneViewState":{"m_AlwaysRefresh":false,"showFog":true,"showSkybox":false,"showFlares":true,"showImageEffects":true,"showParticleSystems":true,"showVisualEffectGraphs":true,"m_FxEnabled":true},"in2DMode":false,"pivot":{"x":0.012458249926567078,"y":-0.0008575040847063065,"z":-0.02935166284441948},"rotation":{"x":0.11629991233348847,"y":-0.3356044590473175,"z":0.041794899851083758,"w":0.9338617920875549},"size":0.23356454074382783,"orthographic":true}