{"cameraMode":{"drawMode":0,"name":"Shaded","section":"Shading Mode"},"sceneLighting":false,"audioPlay":false,"sceneViewState":{"m_AlwaysRefresh":false,"showFog":true,"showSkybox":false,"showFlares":true,"showImageEffects":true,"showParticleSystems":true,"showVisualEffectGraphs":true,"m_FxEnabled":true},"in2DMode":false,"pivot":{"x":41.358428955078128,"y":0.626781702041626,"z":34.99639892578125},"rotation":{"x":-0.015319699421525002,"y":0.9188774228096008,"z":0.035854365676641467,"w":0.3926135301589966},"size":4.066526889801025,"orthographic":true}